iteration,feature,information_gain,f1_score
1,node_cosine,0.9852281360342515,1.0
2,node_total_ratio,0.9852281360342515,1.0
3,canonical_similarity,0.8340782530572844,1.0
4,node_diff_Store,0.7425857246245652,1.0
5,node_diff_Name,0.7425857246245652,1.0
6,node_hist_l1,0.6893917467430878,1.0
7,node_hist_l2,0.6893917467430878,1.0
8,node_total_diff,0.6893917467430878,1.0
9,node_diff_Constant,0.6417869151957687,1.0
10,node_diff_Assign,0.6417869151957687,1.0
