Model,Train Accuracy,Test Accuracy,Precision,Recall,F1 Score,ROC AUC,Training Time (s),CV F1 Mean,CV F1 Std
logistic_regression,0.8875,0.8333333333333334,0.9,0.75,0.8181818181818182,0.8827777777777778,0.03746199607849121,0.8565300693667643,0.03641822464336621
random_forest,1.0,0.85,0.9375,0.75,0.8333333333333334,0.8886111111111111,0.5336267948150635,0.8424720516068447,0.05638253540767822
svm,0.8729166666666667,0.85,0.9772727272727273,0.7166666666666667,0.8269230769230769,0.8905555555555557,0.194319486618042,0.8293312454741028,0.05858581095542199
deep_neural_network,0.9166666666666666,0.85,0.9375,0.75,0.8333333333333334,0.8680555555555556,55.32396841049194,0.8427832186895217,0.05676526596694327
