Model,Train Accuracy,Test Accuracy,Precision,Recall,F1 Score,ROC AUC,Training Time (s),CV F1 Mean,CV F1 Std
logistic_regression,0.9642857142857143,0.75,0.0,0.0,0.0,0.7142857142857143,0.01184391975402832,0.6666666666666666,0.36514837167011077
random_forest,1.0,0.875,0.0,0.0,0.0,0.8571428571428571,0.2575373649597168,0.8,0.4000000000000001
svm,0.9642857142857143,0.75,0.0,0.0,0.0,0.8571428571428572,0.004968404769897461,0.13333333333333333,0.26666666666666666
deep_neural_network,0.9642857142857143,0.75,0.0,0.0,0.0,0.7142857142857143,29.11832594871521,0.6666666666666666,0.36514837167011077
