Model,Train Accuracy,Test Accuracy,Precision,Recall,F1 Score,ROC AUC,Training Time (s),CV F1 Mean,CV F1 Std
logistic_regression,0.9875,0.9,0.875,0.875,0.875,0.9479166666666667,0.00885629653930664,0.9634920634920634,0.05636597112560226
random_forest,1.0,0.85,0.8571428571428571,0.75,0.8,0.9791666666666666,0.24508261680603027,0.9746031746031747,0.05128728387747149
svm,0.9875,0.9,0.875,0.875,0.875,0.9479166666666667,0.0030126571655273438,0.9634920634920634,0.05636597112560226
