{
  "logistic_regression": {
    "train_time": 0.0059506893157958984,
    "train_accuracy": 1.0,
    "test_accuracy": 1.0,
    "precision": 1.0,
    "recall": 1.0,
    "f1": 1.0,
    "confusion_matrix": [
      [
        7,
        0
      ],
      [
        0,
        5
      ]
    ],
    "classification_report": "              precision    recall  f1-score   support\n\n           0       1.00      1.00      1.00         7\n           1       1.00      1.00      1.00         5\n\n    accuracy                           1.00        12\n   macro avg       1.00      1.00      1.00        12\nweighted avg       1.00      1.00      1.00        12\n",
    "roc_auc": 1.0,
    "roc_curve": {
      "fpr": [
        0.0,
        0.0,
        0.0,
        1.0
      ],
      "tpr": [
        0.0,
        0.2,
        1.0,
        1.0
      ],
      "thresholds": [
        Infinity,
        0.9148208357898953,
        0.8528628156581678,
        1.8841376795973606e-07
      ]
    },
    "cv_f1_mean": 1.0,
    "cv_f1_std": 0.0
  },
  "random_forest": {
    "train_time": 0.2372581958770752,
    "train_accuracy": 1.0,
    "test_accuracy": 1.0,
    "precision": 1.0,
    "recall": 1.0,
    "f1": 1.0,
    "confusion_matrix": [
      [
        7,
        0
      ],
      [
        0,
        5
      ]
    ],
    "classification_report": "              precision    recall  f1-score   support\n\n           0       1.00      1.00      1.00         7\n           1       1.00      1.00      1.00         5\n\n    accuracy                           1.00        12\n   macro avg       1.00      1.00      1.00        12\nweighted avg       1.00      1.00      1.00        12\n",
    "roc_auc": 1.0,
    "roc_curve": {
      "fpr": [
        0.0,
        0.0,
        0.0,
        0.14285714285714285,
        1.0
      ],
      "tpr": [
        0.0,
        0.4,
        1.0,
        1.0,
        1.0
      ],
      "thresholds": [
        Infinity,
        1.0,
        0.86,
        0.06,
        0.0
      ]
    },
    "cv_f1_mean": 1.0,
    "cv_f1_std": 0.0,
    "feature_importance": [
      0.2,
      0.11,
      0.15,
      0.0,
      0.017608695652173913,
      0.16,
      0.1923913043478261,
      0.17,
      0.0,
      0.0
    ]
  },
  "svm": {
    "train_time": 0.0026597976684570312,
    "train_accuracy": 1.0,
    "test_accuracy": 1.0,
    "precision": 1.0,
    "recall": 1.0,
    "f1": 1.0,
    "confusion_matrix": [
      [
        7,
        0
      ],
      [
        0,
        5
      ]
    ],
    "classification_report": "              precision    recall  f1-score   support\n\n           0       1.00      1.00      1.00         7\n           1       1.00      1.00      1.00         5\n\n    accuracy                           1.00        12\n   macro avg       1.00      1.00      1.00        12\nweighted avg       1.00      1.00      1.00        12\n",
    "roc_auc": 1.0,
    "roc_curve": {
      "fpr": [
        0.0,
        0.0,
        0.0,
        1.0
      ],
      "tpr": [
        0.0,
        0.2,
        1.0,
        1.0
      ],
      "thresholds": [
        Infinity,
        0.9384313139060834,
        0.8784234383861127,
        0.0036549577713870913
      ]
    },
    "cv_f1_mean": 1.0,
    "cv_f1_std": 0.0
  },
  "deep_neural_network": {
    "train_time": 18.97148609161377,
    "train_accuracy": 1.0,
    "test_accuracy": 1.0,
    "precision": 1.0,
    "recall": 1.0,
    "f1": 1.0,
    "confusion_matrix": [
      [
        7,
        0
      ],
      [
        0,
        5
      ]
    ],
    "classification_report": "              precision    recall  f1-score   support\n\n           0       1.00      1.00      1.00         7\n           1       1.00      1.00      1.00         5\n\n    accuracy                           1.00        12\n   macro avg       1.00      1.00      1.00        12\nweighted avg       1.00      1.00      1.00        12\n",
    "roc_auc": 1.0,
    "roc_curve": {
      "fpr": [
        0.0,
        0.0,
        0.0,
        1.0
      ],
      "tpr": [
        0.0,
        0.2,
        1.0,
        1.0
      ],
      "thresholds": [
        Infinity,
        0.9639632701873779,
        0.9400333762168884,
        0.001982456538826227
      ]
    },
    "cv_f1_mean": 1.0,
    "cv_f1_std": 0.0,
    "training_history": {
      "final_epoch": 100,
      "final_train_loss": 0.32604172825813293,
      "final_val_loss": 0.28235605359077454,
      "final_train_accuracy": 0.9714285731315613,
      "final_val_accuracy": 1.0
    }
  }
}