{
  "logistic_regression": {
    "train_time": 0.03478288650512695,
    "train_accuracy": 1.0,
    "test_accuracy": 1.0,
    "precision": 1.0,
    "recall": 1.0,
    "f1": 1.0,
    "confusion_matrix": [
      [
        7,
        0
      ],
      [
        0,
        5
      ]
    ],
    "classification_report": "              precision    recall  f1-score   support\n\n           0       1.00      1.00      1.00         7\n           1       1.00      1.00      1.00         5\n\n    accuracy                           1.00        12\n   macro avg       1.00      1.00      1.00        12\nweighted avg       1.00      1.00      1.00        12\n",
    "roc_auc": 1.0,
    "roc_curve": {
      "fpr": [
        0.0,
        0.0,
        0.0,
        1.0
      ],
      "tpr": [
        0.0,
        0.2,
        1.0,
        1.0
      ],
      "thresholds": [
        Infinity,
        0.9148208357898953,
        0.8528628156581678,
        1.8841376795973606e-07
      ]
    },
    "cv_f1_mean": 1.0,
    "cv_f1_std": 0.0
  },
  "random_forest": {
    "train_time": 0.418013334274292,
    "train_accuracy": 1.0,
    "test_accuracy": 1.0,
    "precision": 1.0,
    "recall": 1.0,
    "f1": 1.0,
    "confusion_matrix": [
      [
        7,
        0
      ],
      [
        0,
        5
      ]
    ],
    "classification_report": "              precision    recall  f1-score   support\n\n           0       1.00      1.00      1.00         7\n           1       1.00      1.00      1.00         5\n\n    accuracy                           1.00        12\n   macro avg       1.00      1.00      1.00        12\nweighted avg       1.00      1.00      1.00        12\n",
    "roc_auc": 1.0,
    "roc_curve": {
      "fpr": [
        0.0,
        0.0,
        0.0,
        0.14285714285714285,
        1.0
      ],
      "tpr": [
        0.0,
        0.4,
        1.0,
        1.0,
        1.0
      ],
      "thresholds": [
        Infinity,
        1.0,
        0.86,
        0.06,
        0.0
      ]
    },
    "cv_f1_mean": 1.0,
    "cv_f1_std": 0.0,
    "feature_importance": [
      0.2,
      0.11,
      0.15,
      0.0,
      0.017608695652173913,
      0.16,
      0.1923913043478261,
      0.17,
      0.0,
      0.0
    ]
  },
  "svm": {
    "train_time": 0.008405208587646484,
    "train_accuracy": 1.0,
    "test_accuracy": 1.0,
    "precision": 1.0,
    "recall": 1.0,
    "f1": 1.0,
    "confusion_matrix": [
      [
        7,
        0
      ],
      [
        0,
        5
      ]
    ],
    "classification_report": "              precision    recall  f1-score   support\n\n           0       1.00      1.00      1.00         7\n           1       1.00      1.00      1.00         5\n\n    accuracy                           1.00        12\n   macro avg       1.00      1.00      1.00        12\nweighted avg       1.00      1.00      1.00        12\n",
    "roc_auc": 1.0,
    "roc_curve": {
      "fpr": [
        0.0,
        0.0,
        0.0,
        1.0
      ],
      "tpr": [
        0.0,
        0.2,
        1.0,
        1.0
      ],
      "thresholds": [
        Infinity,
        0.9384313139060834,
        0.8784234383861127,
        0.0036549577713870913
      ]
    },
    "cv_f1_mean": 1.0,
    "cv_f1_std": 0.0
  },
  "deep_neural_network": {
    "train_time": 32.96158266067505,
    "train_accuracy": 1.0,
    "test_accuracy": 1.0,
    "precision": 1.0,
    "recall": 1.0,
    "f1": 1.0,
    "confusion_matrix": [
      [
        7,
        0
      ],
      [
        0,
        5
      ]
    ],
    "classification_report": "              precision    recall  f1-score   support\n\n           0       1.00      1.00      1.00         7\n           1       1.00      1.00      1.00         5\n\n    accuracy                           1.00        12\n   macro avg       1.00      1.00      1.00        12\nweighted avg       1.00      1.00      1.00        12\n",
    "roc_auc": 1.0,
    "roc_curve": {
      "fpr": [
        0.0,
        0.0,
        0.0,
        1.0
      ],
      "tpr": [
        0.0,
        0.2,
        1.0,
        1.0
      ],
      "thresholds": [
        Infinity,
        0.9562556743621826,
        0.9336291551589966,
        0.0017085422296077013
      ]
    },
    "cv_f1_mean": 1.0,
    "cv_f1_std": 0.0,
    "training_history": {
      "final_epoch": 100,
      "final_train_loss": 0.2684553563594818,
      "final_val_loss": 0.19667847454547882,
      "final_train_accuracy": 1.0,
      "final_val_accuracy": 1.0
    }
  }
}