{
  "logistic_regression": {
    "train_time": 0.03746199607849121,
    "train_accuracy": 0.8875,
    "test_accuracy": 0.8333333333333334,
    "precision": 0.9,
    "recall": 0.75,
    "f1": 0.8181818181818182,
    "confusion_matrix": [
      [
        55,
        5
      ],
      [
        15,
        45
      ]
    ],
    "classification_report": "              precision    recall  f1-score   support\n\n           0       0.79      0.92      0.85        60\n           1       0.90      0.75      0.82        60\n\n    accuracy                           0.83       120\n   macro avg       0.84      0.83      0.83       120\nweighted avg       0.84      0.83      0.83       120\n",
    "roc_auc": 0.8827777777777778,
    "roc_curve": {
      "fpr": [
        0.0,
        0.0,
        0.0,
        0.1,
        0.1,
        0.11666666666666667,
        0.11666666666666667,
        0.16666666666666666,
        0.16666666666666666,
        0.26666666666666666,
        0.26666666666666666,
        0.2833333333333333,
        0.2833333333333333,
        0.3333333333333333,
        0.3333333333333333,
        0.43333333333333335,
        0.43333333333333335,
        0.48333333333333334,
        0.48333333333333334,
        0.5333333333333333,
        0.5333333333333333,
        0.6,
        0.6,
        0.8333333333333334,
        0.8333333333333334,
        0.8666666666666667,
        0.8666666666666667,
        0.9166666666666666,
        0.9166666666666666,
        1.0,
        1.0
      ],
      "tpr": [
        0.0,
        0.016666666666666666,
        0.75,
        0.75,
        0.7833333333333333,
        0.7833333333333333,
        0.8,
        0.8,
        0.8166666666666667,
        0.8166666666666667,
        0.8333333333333334,
        0.8333333333333334,
        0.85,
        0.85,
        0.8666666666666667,
        0.8666666666666667,
        0.8833333333333333,
        0.8833333333333333,
        0.9,
        0.9,
        0.9166666666666666,
        0.9166666666666666,
        0.9333333333333333,
        0.9333333333333333,
        0.95,
        0.95,
        0.9666666666666667,
        0.9666666666666667,
        0.9833333333333333,
        0.9833333333333333,
        1.0
      ],
      "thresholds": [
        Infinity,
        0.999928760455238,
        0.8305505254567364,
        0.4003644330714311,
        0.3888418816538773,
        0.38449817773174144,
        0.3245924373427776,
        0.30358206242552715,
        0.2989769575872093,
        0.2439817549026814,
        0.24222905227637725,
        0.23693274047863397,
        0.23157838453224194,
        0.21160734804201353,
        0.19917188877241224,
        0.18059782159464427,
        0.16767345077711987,
        0.14260887093115107,
        0.14139548528037954,
        0.12656020151574293,
        0.12557968778225834,
        0.1148667350547662,
        0.11336164995273554,
        0.07019552024843587,
        0.06954273703249675,
        0.06324618494869451,
        0.05800869880069466,
        0.04774908810477389,
        0.043395714705901346,
        0.014571634042392425,
        0.010106230242849101
      ]
    },
    "cv_f1_mean": 0.8565300693667643,
    "cv_f1_std": 0.03641822464336621
  },
  "random_forest": {
    "train_time": 0.5336267948150635,
    "train_accuracy": 1.0,
    "test_accuracy": 0.85,
    "precision": 0.9375,
    "recall": 0.75,
    "f1": 0.8333333333333334,
    "confusion_matrix": [
      [
        57,
        3
      ],
      [
        15,
        45
      ]
    ],
    "classification_report": "              precision    recall  f1-score   support\n\n           0       0.79      0.95      0.86        60\n           1       0.94      0.75      0.83        60\n\n    accuracy                           0.85       120\n   macro avg       0.86      0.85      0.85       120\nweighted avg       0.86      0.85      0.85       120\n",
    "roc_auc": 0.8886111111111111,
    "roc_curve": {
      "fpr": [
        0.0,
        0.0,
        0.0,
        0.0,
        0.0,
        0.0,
        0.016666666666666666,
        0.016666666666666666,
        0.05,
        0.05,
        0.06666666666666667,
        0.06666666666666667,
        0.08333333333333333,
        0.08333333333333333,
        0.2833333333333333,
        0.2833333333333333,
        0.36666666666666664,
        0.36666666666666664,
        0.38333333333333336,
        0.38333333333333336,
        0.4166666666666667,
        0.4166666666666667,
        0.45,
        0.45,
        0.48333333333333334,
        0.48333333333333334,
        0.6666666666666666,
        0.6666666666666666,
        0.7,
        0.7,
        0.7166666666666667,
        0.7166666666666667,
        0.8833333333333333,
        0.8833333333333333,
        1.0,
        1.0
      ],
      "tpr": [
        0.0,
        0.5166666666666667,
        0.55,
        0.5666666666666667,
        0.6166666666666667,
        0.7,
        0.7,
        0.75,
        0.75,
        0.7666666666666667,
        0.7666666666666667,
        0.7833333333333333,
        0.7833333333333333,
        0.8166666666666667,
        0.8166666666666667,
        0.8333333333333334,
        0.8333333333333334,
        0.85,
        0.85,
        0.8666666666666667,
        0.8666666666666667,
        0.8833333333333333,
        0.8833333333333333,
        0.9,
        0.9,
        0.9166666666666666,
        0.9166666666666666,
        0.9333333333333333,
        0.9333333333333333,
        0.95,
        0.95,
        0.9666666666666667,
        0.9666666666666667,
        0.9833333333333333,
        0.9833333333333333,
        1.0
      ],
      "thresholds": [
        Infinity,
        1.0,
        0.99,
        0.96,
        0.95,
        0.7125,
        0.70125,
        0.5416666666666666,
        0.5247841693511275,
        0.47184502923976607,
        0.44880770076824694,
        0.44812051282051285,
        0.4208222208552758,
        0.41200000000000003,
        0.29724242424242425,
        0.28861211782750684,
        0.26446178035800677,
        0.24618652954224643,
        0.24552439633791323,
        0.23898745477126482,
        0.22363157894736843,
        0.22043147295490248,
        0.21465418353576246,
        0.20703910393909047,
        0.1997391304347826,
        0.1994801661752881,
        0.12045454545454545,
        0.11691327253657445,
        0.11125,
        0.11105263157894736,
        0.11065541561534403,
        0.1081612075401269,
        0.05188874695620933,
        0.04418322773991149,
        0.010106382978723405,
        0.00024390243902439024
      ]
    },
    "cv_f1_mean": 0.8424720516068447,
    "cv_f1_std": 0.05638253540767822,
    "feature_importance": [
      0.02781525622304528,
      0.052634368070693126,
      0.09500740126955053,
      0.03633329115818177,
      0.006615465495404176,
      0.0021508076343129223,
      0.0,
      0.021278643905976828,
      0.02035478656947847,
      0.21584367971966972,
      0.033516505079136574,
      0.06587722959207415,
      0.027909715799476577,
      0.02415330521094535,
      0.028487633053972977,
      0.11993618140052723,
      0.14967284146896961,
      0.06581961705984216,
      0.006593271288742517
    ]
  },
  "svm": {
    "train_time": 0.194319486618042,
    "train_accuracy": 0.8729166666666667,
    "test_accuracy": 0.85,
    "precision": 0.9772727272727273,
    "recall": 0.7166666666666667,
    "f1": 0.8269230769230769,
    "confusion_matrix": [
      [
        59,
        1
      ],
      [
        17,
        43
      ]
    ],
    "classification_report": "              precision    recall  f1-score   support\n\n           0       0.78      0.98      0.87        60\n           1       0.98      0.72      0.83        60\n\n    accuracy                           0.85       120\n   macro avg       0.88      0.85      0.85       120\nweighted avg       0.88      0.85      0.85       120\n",
    "roc_auc": 0.8905555555555557,