{
  "logistic_regression": {
    "train_time": 0.021510839462280273,
    "train_accuracy": 0.9642857142857143,
    "test_accuracy": 0.75,
    "precision": 0.0,
    "recall": 0.0,
    "f1": 0.0,
    "confusion_matrix": [
      [
        6,
        1
      ],
      [
        1,
        0
      ]
    ],
    "classification_report": "              precision    recall  f1-score   support\n\n           0       0.86      0.86      0.86         7\n           1       0.00      0.00      0.00         1\n\n    accuracy                           0.75         8\n   macro avg       0.43      0.43      0.43         8\nweighted avg       0.75      0.75      0.75         8\n",
    "roc_auc": 0.7142857142857143,
    "roc_curve": {
      "fpr": [
        0.0,
        0.14285714285714285,
        0.2857142857142857,
        0.2857142857142857,
        1.0
      ],
      "tpr": [
        0.0,
        0.0,
        0.0,
        1.0,
        1.0
      ],
      "thresholds": [
        Infinity,
        0.5745383915390383,
        0.1328706639335926,
        0.10230813337962982,
        0.004793535147512111
      ]
    },
    "cv_f1_mean": 0.6666666666666666,
    "cv_f1_std": 0.36514837167011077
  },
  "random_forest": {
    "train_time": 0.14817285537719727,
    "train_accuracy": 1.0,
    "test_accuracy": 0.875,
    "precision": 0.0,
    "recall": 0.0,
    "f1": 0.0,
    "confusion_matrix": [
      [
        7,
        0
      ],
      [
        1,
        0
      ]
    ],
    "classification_report": "              precision    recall  f1-score   support\n\n           0       0.88      1.00      0.93         7\n           1       0.00      0.00      0.00         1\n\n    accuracy                           0.88         8\n   macro avg       0.44      0.50      0.47         8\nweighted avg       0.77      0.88      0.82         8\n",
    "roc_auc": 0.8571428571428571,
    "roc_curve": {
      "fpr": [
        0.0,
        0.14285714285714285,
        0.14285714285714285,
        0.5714285714285714,
        0.8571428571428571,
        1.0
      ],
      "tpr": [
        0.0,
        0.0,
        1.0,
        1.0,
        1.0,
        1.0
      ],
      "thresholds": [
        Infinity,
        0.4017142857142858,
        0.2966666666666667,
        0.04,
        0.013333333333333332,
        0.0
      ]
    },
    "cv_f1_mean": 0.8,
    "cv_f1_std": 0.4000000000000001,
    "feature_importance": [
      0.33321744057756786,
      0.03597616823364387,
      0.04878022349840075,
      0.07982928835870012,
      0.14861480536565766,
      0.031169813635553458,
      0.00457142857142857,
      0.027623086852295774,
      0.18974349741511318,
      0.1004742474916388
    ]
  },
  "svm": {
    "train_time": 0.006624937057495117,
    "train_accuracy": 0.9642857142857143,
    "test_accuracy": 0.75,
    "precision": 0.0,
    "recall": 0.0,
    "f1": 0.0,
    "confusion_matrix": [
      [
        6,
        1
      ],
      [
        1,
        0
      ]
    ],
    "classification_report": "              precision    recall  f1-score   support\n\n           0       0.86      0.86      0.86         7\n           1       0.00      0.00      0.00         1\n\n    accuracy                           0.75         8\n   macro avg       0.43      0.43      0.43         8\nweighted avg       0.75      0.75      0.75         8\n",
    "roc_auc": 0.8571428571428572,
    "roc_curve": {
      "fpr": [
        0.0,
        0.14285714285714285,
        0.14285714285714285,
        1.0
      ],
      "tpr": [
        0.0,
        0.0,
        1.0,
        1.0
      ],
      "thresholds": [
        Infinity,
        0.7845846650790999,
        0.151400349508991,
        0.060947142233551355
      ]
    },
    "cv_f1_mean": 0.13333333333333333,
    "cv_f1_std": 0.26666666666666666
  }
}