file,cluster,tsne_x,tsne_y
my_code,0,-37.023026,-52.573112
my_code2,0,7.658984,-27.470247
my_code3,-1,-24.290758,50.31921
my_code4,-1,3.6156182,-73.880775
my_code5,-1,85.906876,-45.626534
my_code6,-1,98.416664,9.183359
my_code7,-1,97.59283,51.167362
my_code8,-1,-34.76749,-0.58775485
my_code9,-1,15.568163,74.55012
