{
  "rewards": [
    -275.0,
    -145.0,
    -275.0,
    -125.0,
    -270.0,
    -175.0,
    -250.0,
    -225.0,
    -175.0,
    -225.0,
    -60.0,
    -155.0,
    -275.0,
    -280.0,
    -130.0,
    -300.0,
    -185.0,
    -225.0,
    -130.0,
    -130.0,
    -60.0,
    -160.0,
    -225.0,
    -140.0,
    -275.0,
    -210.0,
    -85.0,
    -5.0,
    -155.0,
    -200.0,
    -200.0,
    -195.0,
    -85.0,
    -100.0,
    -205.0,
    -140.0,
    -215.0,
    -80.0,
    -130.0,
    -130.0,
    -255.0,
    -270.0,
    -220.0,
    -180.0,
    15.0,
    -230.0,
    -125.0,
    -180.0,
    -270.0,
    -115.0,
    -150.0,
    -75.0,
    -80.0,
    -105.0,
    -135.0,
    -55.0,
    -145.0,
    -85.0,
    -75.0,
    -170.0,
    -235.0,
    -80.0,
    -225.0,
    40.0,
    -60.0,
    -85.0,
    -205.0,
    45.0,
    60.0,
    -30.0,
    -40.0,
    50.0,
    -155.0,
    -105.0,
    45.0,
    -140.0,
    -80.0,
    -55.0,
    -175.0,
    -150.0,
    -220.0,
    -60.0,
    -130.0,
    20.0,
    -55.0,
    15.0,
    -10.0,
    -10.0,
    35.0,
    -50.0,
    -150.0,
    -155.0,
    -30.0,
    40.0,
    -15.0,
    -90.0,
    -115.0,
    50.0,
    -60.0,
    -5.0,
    -50.0,
    -85.0,
    70.0,
    40.0,
    -15.0,
    -125.0,
    -85.0,
    -160.0,
    0.0,
    -65.0,
    -75.0,
    -5.0,
    15.0,
    -55.0,
    15.0,
    -35.0,
    40.0,
    -80.0,
    -55.0,
    -45.0,
    -30.0,
    -95.0,
    40.0,
    -30.0,
    -30.0,
    70.0,
    -60.0,
    115.0,
    -65.0,
    -30.0,
    15.0,
    -50.0,
    -10.0,
    -15.0,
    10.0,
    35.0,
    95.0,
    95.0,
    45.0,
    -80.0,
    20.0,
    65.0,
    -5.0,
    -45.0,
    135.0,
    40.0,
    -15.0,
    -35.0,
    40.0,
    -30.0,
    65.0,
    -10.0,
    -125.0,
    -30.0,
    85.0,
    -80.0,
    110.0,
    -90.0,
    10.0,
    65.0,
    60.0,
    15.0,
    -55.0,
    -110.0,
    -25.0,
    25.0,
    10.0,
    0.0,
    65.0,
    45.0,
    -80.0,
    110.0,
    -25.0,
    40.0,
    15.0,
    20.0,
    65.0,
    -50.0,
    -50.0,
    90.0,
    35.0,
    60.0,
    90.0,
    65.0,
    40.0,
    90.0,
    90.0,
    90.0,
    40.0,
    -10.0,
    65.0,
    90.0,
    85.0,
    -50.0,
    90.0,
    -55.0,
    60.0,
    60.0,
    15.0,
    -80.0
  ],
  "accuracies": [
    0.4444444444444444,
    0.5833333333333334,
    0.4444444444444444,
    0.6111111111111112,
    0.4444444444444444,
    0.5555555555555556,
    0.4722222222222222,
    0.5,
    0.5555555555555556,
    0.5,
    0.6944444444444444,
    0.5833333333333334,
    0.4444444444444444,
    0.4444444444444444,
    0.6111111111111112,
    0.4166666666666667,
    0.5555555555555556,
    0.5,
    0.6111111111111112,
    0.6111111111111112,
    0.6944444444444444,
    0.5833333333333334,
    0.5,
    0.6111111111111112,
    0.4444444444444444,
    0.5277777777777778,
    0.6666666666666666,
    0.75,
    0.5833333333333334,
    0.5277777777777778,
    0.5277777777777778,
    0.5277777777777778,
    0.6666666666666666,
    0.6388888888888888,
    0.5277777777777778,
    0.6111111111111112,
    0.5,
    0.6666666666666666,
    0.6111111111111112,
    0.6111111111111112,
    0.4722222222222222,
    0.4444444444444444,
    0.5,
    0.5555555555555556,
    0.7777777777777778,
    0.5,
    0.6111111111111112,
    0.5555555555555556,
    0.4444444444444444,
    0.6388888888888888,
    0.5833333333333334,
    0.6666666666666666,
    0.6666666666666666,
    0.6388888888888888,
    0.6111111111111112,
    0.6944444444444444,
    0.5833333333333334,
    0.6666666666666666,
    0.6666666666666666,
    0.5555555555555556,
    0.4722222222222222,
    0.6666666666666666,
    0.5,
    0.8055555555555556,
    0.6944444444444444,
    0.6666666666666666,
    0.5277777777777778,
    0.8055555555555556,
    0.8333333333333334,
    0.7222222222222222,
    0.7222222222222222,
    0.8055555555555556,
    0.5833333333333334,
    0.6388888888888888,
    0.8055555555555556,
    0.5833333333333334,
    0.6666666666666666,
    0.6944444444444444,
    0.5555555555555556,
    0.5833333333333334,
    0.5,
    0.6944444444444444,
    0.6111111111111112,
    0.7777777777777778,
    0.6944444444444444,
    0.7777777777777778,
    0.75,
    0.75,
    0.8055555555555556,
    0.6944444444444444,
    0.5833333333333334,
    0.5833333333333334,
    0.7222222222222222,
    0.8055555555555556,
    0.75,
    0.6666666666666666,
    0.6388888888888888,
    0.8055555555555556,
    0.6944444444444444,
    0.75,
    0.6944444444444444,
    0.6666666666666666,
    0.8333333333333334,
    0.8055555555555556,
    0.75,
    0.6111111111111112,
    0.6666666666666666,
    0.5833333333333334,
    0.75,
    0.6666666666666666,
    0.6666666666666666,
    0.75,
    0.7777777777777778,
    0.6944444444444444,
    0.7777777777777778,
    0.7222222222222222,
    0.8055555555555556,
    0.6666666666666666,
    0.6944444444444444,
    0.6944444444444444,
    0.7222222222222222,
    0.6388888888888888,
    0.8055555555555556,
    0.7222222222222222,
    0.7222222222222222,
    0.8333333333333334,
    0.6944444444444444,
    0.8888888888888888,
    0.6944444444444444,
    0.7222222222222222,
    0.7777777777777778,
    0.6944444444444444,
    0.75,
    0.75,
    0.7777777777777778,
    0.8055555555555556,
    0.8611111111111112,
    0.8611111111111112,
    0.8055555555555556,
    0.6666666666666666,
    0.7777777777777778,
    0.8333333333333334,
    0.75,
    0.6944444444444444,
    0.9166666666666666,
    0.8055555555555556,
    0.75,
    0.7222222222222222,
    0.8055555555555556,
    0.7222222222222222,
    0.8333333333333334,
    0.75,
    0.6111111111111112,
    0.7222222222222222,
    0.8611111111111112,
    0.6666666666666666,
    0.8888888888888888,
    0.6388888888888888,
    0.7777777777777778,
    0.8333333333333334,
    0.8333333333333334,
    0.7777777777777778,
    0.6944444444444444,
    0.6388888888888888,
    0.7222222222222222,
    0.7777777777777778,
    0.7777777777777778,
    0.75,
    0.8333333333333334,
    0.8055555555555556,
    0.6666666666666666,
    0.8888888888888888,
    0.7222222222222222,
    0.8055555555555556,
    0.7777777777777778,
    0.7777777777777778,
    0.8333333333333334,
    0.6944444444444444,
    0.6944444444444444,
    0.8611111111111112,
    0.8055555555555556,
    0.8333333333333334,
    0.8611111111111112,
    0.8333333333333334,
    0.8055555555555556,
    0.8611111111111112,
    0.8611111111111112,
    0.8611111111111112,
    0.8055555555555556,
    0.75,
    0.8333333333333334,
    0.8611111111111112,
    0.8611111111111112,
    0.6944444444444444,
    0.8611111111111112,
    0.6944444444444444,
    0.8333333333333334,
    0.8333333333333334,
    0.7777777777777778,
    0.6666666666666666
  ],