{
  "rewards": [
    -140.0,
    -245.0,
    -230.0,
    -220.0,
    -305.0,
    -275.0,
    -215.0,
    -205.0,
    -240.0,
    -285.0,
    -290.0,
    -185.0,
    -210.0,
    -335.0,
    -235.0,
    -40.0,
    -265.0,
    -160.0,
    -260.0,
    -185.0,
    -145.0,
    -225.0,
    -80.0,
    -290.0,
    -40.0,
    -210.0,
    -185.0,
    -215.0,
    -240.0,
    -175.0,
    -70.0,
    -30.0,
    -120.0,
    -80.0,
    -75.0,
    -90.0,
    -25.0,
    -125.0,
    15.0,
    -165.0,
    -205.0,
    -35.0,
    -50.0,
    -125.0,
    -95.0,
    -140.0,
    -45.0,
    -110.0,
    -20.0,
    -85.0,
    -45.0,
    5.0,
    -305.0,
    20.0,
    -130.0,
    -110.0,
    40.0,
    -40.0,
    -85.0,
    -225.0,
    -55.0,
    -150.0,
    -115.0,
    -15.0,
    -240.0,
    0.0,
    -55.0,
    -85.0,
    25.0,
    -35.0,
    90.0,
    -75.0,
    -140.0,
    -100.0,
    -40.0,
    -55.0,
    -35.0,
    20.0,
    160.0,
    -95.0,
    -25.0,
    15.0,
    -55.0,
    15.0,
    -45.0,
    -15.0,
    120.0,
    -80.0,
    -95.0,
    45.0,
    -55.0,
    20.0,
    -70.0,
    -65.0,
    -50.0,
    -10.0,
    85.0,
    -120.0,
    -65.0,
    -95.0,
    -25.0,
    -125.0,
    75.0,
    65.0,
    -40.0,
    -10.0,
    -55.0,
    50.0,
    130.0,
    35.0,
    110.0,
    145.0,
    140.0,
    -120.0,
    45.0,
    125.0,
    -105.0,
    165.0,
    165.0,
    35.0,
    30.0,
    -50.0,
    10.0,
    80.0,
    115.0,
    135.0,
    120.0,
    30.0,
    55.0,
    225.0,
    80.0,
    85.0,
    120.0,
    -90.0,
    80.0,
    85.0,
    100.0,
    70.0,
    80.0,
    -5.0,
    160.0,
    210.0,
    50.0,
    -25.0,
    90.0,
    65.0,
    0.0,
    85.0,
    215.0,
    145.0,
    105.0,
    115.0,
    190.0,
    60.0,
    185.0,
    55.0,
    250.0,
    145.0,
    115.0,
    115.0,
    170.0,
    190.0,
    100.0,
    -15.0,
    60.0,
    35.0,
    175.0,
    160.0,
    85.0,
    100.0,
    85.0,
    210.0,
    70.0,
    165.0,
    270.0,
    160.0,
    145.0,
    160.0,
    40.0,
    -110.0,
    210.0,
    235.0,
    155.0,
    120.0,
    185.0,
    125.0,
    50.0,
    260.0,
    125.0,
    115.0,
    230.0,
    205.0,
    5.0,
    110.0,
    215.0,
    220.0,
    55.0,
    155.0,
    155.0,
    150.0
  ],
  "accuracies": [
    0.5714285714285714,
    0.5,
    0.5,
    0.5178571428571429,
    0.44642857142857145,
    0.48214285714285715,
    0.5178571428571429,
    0.5178571428571429,
    0.5,
    0.4642857142857143,
    0.4642857142857143,
    0.5535714285714286,
    0.5178571428571429,
    0.42857142857142855,
    0.5,
    0.6607142857142857,
    0.48214285714285715,
    0.5714285714285714,
    0.48214285714285715,
    0.5535714285714286,
    0.5714285714285714,
    0.5178571428571429,
    0.6428571428571429,
    0.4642857142857143,
    0.6607142857142857,
    0.5178571428571429,
    0.5535714285714286,
    0.5178571428571429,
    0.5,
    0.5535714285714286,
    0.625,
    0.6607142857142857,
    0.5892857142857143,
    0.625,
    0.625,
    0.625,
    0.6607142857142857,
    0.5892857142857143,
    0.6964285714285714,
    0.5535714285714286,
    0.5178571428571429,
    0.6607142857142857,
    0.6428571428571429,
    0.5892857142857143,
    0.6071428571428571,
    0.5714285714285714,
    0.6428571428571429,
    0.5892857142857143,
    0.6785714285714286,
    0.625,
    0.6607142857142857,
    0.6964285714285714,
    0.44642857142857145,
    0.6964285714285714,
    0.5892857142857143,
    0.6071428571428571,
    0.7142857142857143,
    0.6607142857142857,
    0.625,
    0.5178571428571429,
    0.6428571428571429,
    0.5714285714285714,
    0.6071428571428571,
    0.6785714285714286,
    0.5,
    0.6785714285714286,
    0.6428571428571429,
    0.625,
    0.6964285714285714,
    0.6607142857142857,
    0.75,
    0.625,
    0.5892857142857143,
    0.6071428571428571,
    0.6607142857142857,
    0.6428571428571429,
    0.6607142857142857,
    0.7142857142857143,
    0.8035714285714286,
    0.625,
    0.6785714285714286,
    0.6964285714285714,
    0.6428571428571429,
    0.6964285714285714,
    0.6607142857142857,
    0.6785714285714286,
    0.7857142857142857,
    0.625,
    0.625,
    0.7321428571428571,
    0.6428571428571429,
    0.7142857142857143,
    0.6428571428571429,
    0.6428571428571429,
    0.6428571428571429,
    0.6964285714285714,
    0.75,
    0.5892857142857143,
    0.625,
    0.625,
    0.6607142857142857,
    0.5892857142857143,
    0.75,
    0.7321428571428571,
    0.6607142857142857,
    0.6785714285714286,
    0.6428571428571429,
    0.7321428571428571,
    0.7857142857142857,
    0.7142857142857143,
    0.7678571428571429,
    0.8035714285714286,
    0.7857142857142857,
    0.5892857142857143,
    0.7142857142857143,
    0.7857142857142857,
    0.6071428571428571,
    0.8214285714285714,
    0.8035714285714286,
    0.7142857142857143,
    0.7142857142857143,
    0.6428571428571429,
    0.6964285714285714,
    0.75,
    0.7678571428571429,
    0.7857142857142857,
    0.7857142857142857,
    0.7142857142857143,
    0.7321428571428571,
    0.8571428571428571,
    0.75,
    0.75,
    0.7678571428571429,
    0.625,
    0.75,
    0.75,
    0.7678571428571429,
    0.7321428571428571,
    0.75,
    0.6785714285714286,
    0.8214285714285714,
    0.8571428571428571,
    0.7321428571428571,
    0.6785714285714286,
    0.75,
    0.75,
    0.6964285714285714,
    0.75,
    0.8571428571428571,
    0.8035714285714286,
    0.7857142857142857,
    0.7857142857142857,
    0.8392857142857143,
    0.7321428571428571,
    0.8392857142857143,
    0.7321428571428571,
    0.875,
    0.8035714285714286,
    0.7678571428571429,
    0.7857142857142857,
    0.8214285714285714,
    0.8392857142857143,
    0.7678571428571429,
    0.6785714285714286,
    0.7321428571428571,
    0.7142857142857143,
    0.8214285714285714,
    0.8035714285714286,
    0.7678571428571429,
    0.75,
    0.75,
    0.8571428571428571,
    0.75,
    0.8214285714285714,
    0.8928571428571429,
    0.8214285714285714,
    0.8035714285714286,
    0.8035714285714286,
    0.7321428571428571,
    0.6071428571428571,
    0.8571428571428571,
    0.875,
    0.8214285714285714,
    0.7857142857142857,
    0.8392857142857143,
    0.7857142857142857,
    0.7321428571428571,
    0.8928571428571429,
    0.7857142857142857,
    0.7857142857142857,
    0.875,
    0.8392857142857143,
    0.6964285714285714,
    0.7678571428571429,
    0.8571428571428571,
    0.8571428571428571,
    0.7321428571428571,
    0.8035714285714286,
    0.8035714285714286,
    0.8035714285714286
  ],